meeting_date,fr_notice_date,title,fr_url
May 11 2009,2009-05-06,Office of the National Coordinator for Health Information Technol,https://www.federalregister.gov/documents/2009/05/06/E9-10643/office-of-the-national-coordinator-for-health-information-technology-hit-policy-committee-meeting
June 16 2009,2009-06-04,Office of the National Coordinator for Health Information Technol,https://www.federalregister.gov/documents/2009/06/04/E9-13077/office-of-the-national-coordinator-for-health-information-technology-hit-policy-committee-meeting
,2009-06-18,Health Information Technology Policy Committee; Notice of Meeting,https://www.federalregister.gov/documents/2009/06/18/E9-14379/health-information-technology-policy-committee-notice-of-meeting
,2009-07-01,Office of the National Coordinator for Health Information Technol,https://www.federalregister.gov/documents/2009/07/01/E9-15545/office-of-the-national-coordinator-for-health-information-technology-hit-policy-committee-advisory
August 14 2009,2009-07-31,HIT Policy Committee Advisory Meeting; Notice of Meeting,https://www.federalregister.gov/documents/2009/07/31/E9-18331/hit-policy-committee-advisory-meeting-notice-of-meeting
,2009-09-02,Office of the National Coordinator for Health Information Technol,https://www.federalregister.gov/documents/2009/09/02/E9-21149/office-of-the-national-coordinator-for-health-information-technology-hit-policy-committee-advisory
,2009-09-30,HIT Policy Committee Advisory Meeting; Notice of Two-Day Meeting,https://www.federalregister.gov/documents/2009/09/30/E9-23460/hit-policy-committee-advisory-meeting-notice-of-two-day-meeting
December 15 2009,2009-11-30,Office of the National Coordinator for Health Information Technol,https://www.federalregister.gov/documents/2009/11/30/E9-28621/office-of-the-national-coordinator-for-health-information-technology-hit-policy-committee-advisory
,2010-01-04,Office of the National Coordinator for Health Information Technol,https://www.federalregister.gov/documents/2010/01/04/E9-31186/office-of-the-national-coordinator-for-health-information-technology-hit-policy-committee-advisory
February 17 2010,2010-02-03,Office of the National Coordinator for Health Information Technol,https://www.federalregister.gov/documents/2010/02/03/2010-2213/office-of-the-national-coordinator-for-health-information-technology-hit-policy-committee-advisory
March 17 2010,2010-02-26,Office of the National Coordinator for Health Information Technol,https://www.federalregister.gov/documents/2010/02/26/2010-4041/office-of-the-national-coordinator-for-health-information-technology-hit-policy-committee-advisory
April 20 2010,2010-04-07,Office of the National Coordinator for Health Information Technol,https://www.federalregister.gov/documents/2010/04/07/2010-7902/office-of-the-national-coordinator-for-health-information-technology-hit-policy-committee-advisory
April 21 2010,2010-03-31,Office of the National Coordinator for Health Information Technol,https://www.federalregister.gov/documents/2010/03/31/2010-6601/office-of-the-national-coordinator-for-health-information-technology-hit-policy-committee-advisory
May 19 2010,2010-04-26,HIT Policy Committee Advisory Meeting; Notice of Meeting,https://www.federalregister.gov/documents/2010/04/26/2010-9578/hit-policy-committee-advisory-meeting-notice-of-meeting
,2010-05-27,Office of the National Coordinator for Health Information Technol,https://www.federalregister.gov/documents/2010/05/27/2010-12711/office-of-the-national-coordinator-for-health-information-technology-hit-policy-committee-advisory
July 21 2010,2010-07-20,Office of the National Coordinator for Health Information Technol,https://www.federalregister.gov/documents/2010/07/20/2010-16945/office-of-the-national-coordinator-for-health-information-technology-hit-policy-committee-advisory
,2010-08-23,Office of the National Coordinator for Health Information Technol,https://www.federalregister.gov/documents/2010/08/23/2010-20829/office-of-the-national-coordinator-for-health-information-technology-hit-policy-committee-advisory
September 14 2010,2010-08-23,Office of the National Coordinator for Health Information Technol,https://www.federalregister.gov/documents/2010/08/23/2010-20828/office-of-the-national-coordinator-for-health-information-technology-hit-policy-committee-advisory
September 28 2010,2010-09-20,Office of the National Coordinator for Health Information Technol,https://www.federalregister.gov/documents/2010/09/20/2010-23311/office-of-the-national-coordinator-for-health-information-technology-hit-policy-committee-advisory
October 20 2010,2010-09-17,Office of the National Coordinator for Health Information Technol,https://www.federalregister.gov/documents/2010/09/17/2010-23259/office-of-the-national-coordinator-for-health-information-technology-hit-policy-committee-advisory
,2010-10-25,Office of the National Coordinator for Health Information Technol,https://www.federalregister.gov/documents/2010/10/25/2010-26920/office-of-the-national-coordinator-for-health-information-technology-hit-policy-committee-advisory
December 13 2010,2010-11-19,Office of the National Coordinator for Health Information Technol,https://www.federalregister.gov/documents/2010/11/19/2010-29219/office-of-the-national-coordinator-for-health-information-technology-hit-policy-committee-advisory
February 2 2011,2011-01-25,Office of the National Coordinator for Health Information Technol,https://www.federalregister.gov/documents/2011/01/25/2011-1412/office-of-the-national-coordinator-for-health-information-technology-hit-policy-committee-advisory
,2011-02-25,Office of the National Coordinator for Health Information Technol,https://www.federalregister.gov/documents/2011/02/25/2011-4290/office-of-the-national-coordinator-for-health-information-technology-recommendations-received-from
March 2 2011,2011-02-22,Office of the National Coordinator for Health Information Technol,https://www.federalregister.gov/documents/2011/02/22/2011-3845/office-of-the-national-coordinator-for-health-information-technology-hit-policy-committee-advisory
,2011-03-18,HIT Policy Committee Advisory Meeting; Notice of Meeting,https://www.federalregister.gov/documents/2011/03/18/2011-6407/hit-policy-committee-advisory-meeting-notice-of-meeting
May 11 2011,2011-04-21,HIT Policy Committee Advisory Meeting; Notice of Meeting,https://www.federalregister.gov/documents/2011/04/21/2011-9696/hit-policy-committee-advisory-meeting-notice-of-meeting
June 8 2011,2011-05-18,HIT Policy Committee Advisory Meeting; Notice of Meeting,https://www.federalregister.gov/documents/2011/05/18/2011-12112/hit-policy-committee-advisory-meeting-notice-of-meeting
July 6 2011,2011-07-05,HIT Policy Committee Advisory Meeting; Notice of Meeting,https://www.federalregister.gov/documents/2011/07/05/2011-16719/hit-policy-committee-advisory-meeting-notice-of-meeting
August 3 2011,2011-08-02,HIT Policy Committee Advisory Meeting; Notice of Meeting,https://www.federalregister.gov/documents/2011/08/02/2011-19555/hit-policy-committee-advisory-meeting-notice-of-meeting
,2011-08-16,HIT Policy Committee Advisory Meeting; Notice of Meeting,https://www.federalregister.gov/documents/2011/08/16/2011-20808/hit-policy-committee-advisory-meeting-notice-of-meeting
,2011-09-09,HIT Policy Committee Advisory Meeting; Notice of Meeting,https://www.federalregister.gov/documents/2011/09/09/2011-23050/hit-policy-committee-advisory-meeting-notice-of-meeting
,2011-11-14,HIT Policy Committee Advisory Meeting; Notice of Meeting,https://www.federalregister.gov/documents/2011/11/14/2011-29355/hit-policy-committee-advisory-meeting-notice-of-meeting
,2011-12-22,HIT Policy Committee Advisory Meeting; Notice of Meeting,https://www.federalregister.gov/documents/2011/12/22/2011-32792/hit-policy-committee-advisory-meeting-notice-of-meeting
,2012-01-19,HIT Policy Committee Advisory Meeting; Notice of Meeting,https://www.federalregister.gov/documents/2012/01/19/2012-1012/hit-policy-committee-advisory-meeting-notice-of-meeting
,2012-03-16,HIT Policy Committee Advisory Meeting; Notice of Meeting,https://www.federalregister.gov/documents/2012/03/16/2012-6437/hit-policy-committee-advisory-meeting-notice-of-meeting
May 2 2012,2012-04-17,HIT Policy Committee Advisory Meeting; Notice of Meeting,https://www.federalregister.gov/documents/2012/04/17/2012-9133/hit-policy-committee-advisory-meeting-notice-of-meeting
,2012-05-10,HIT Policy Committee Advisory Meeting; Notice of Meeting,https://www.federalregister.gov/documents/2012/05/10/2012-11286/hit-policy-committee-advisory-meeting-notice-of-meeting
,2012-05-11,Health Information Technology Policy Committee Vacancy,https://www.federalregister.gov/documents/2012/05/11/2012-10823/health-information-technology-policy-committee-vacancy
May 30 2012,2012-05-16,HIT Policy Committee Advisory Meeting; Notice of Meeting,https://www.federalregister.gov/documents/2012/05/16/2012-11776/hit-policy-committee-advisory-meeting-notice-of-meeting
,2012-06-21,HIT Policy Committee Advisory Meeting; Notice of Meeting,https://www.federalregister.gov/documents/2012/06/21/2012-15096/hit-policy-committee-advisory-meeting-notice-of-meeting
,2012-07-16,HIT Policy Committee Advisory Meeting; Notice of Meeting,https://www.federalregister.gov/documents/2012/07/16/2012-17288/hit-policy-committee-advisory-meeting-notice-of-meeting
,2012-08-22,HIT Policy Committee Advisory Meeting; Notice of Meeting,https://www.federalregister.gov/documents/2012/08/22/2012-20584/hit-policy-committee-advisory-meeting-notice-of-meeting
,2012-09-18,HIT Policy Committee Advisory Meeting; Notice of Meeting,https://www.federalregister.gov/documents/2012/09/18/2012-22988/hit-policy-committee-advisory-meeting-notice-of-meeting
,2012-10-25,HIT Policy Committee Advisory Meeting; Notice of Meeting,https://www.federalregister.gov/documents/2012/10/25/2012-26301/hit-policy-committee-advisory-meeting-notice-of-meeting
December 5 2012,2012-10-30,HIT Policy Committee Advisory Meeting; Notice of Meeting,https://www.federalregister.gov/documents/2012/10/30/2012-26690/hit-policy-committee-advisory-meeting-notice-of-meeting
,2012-12-11,HIT Policy Committee Advisory Meetings; Notice of Meetings,https://www.federalregister.gov/documents/2012/12/11/2012-29821/hit-policy-committee-advisory-meetings-notice-of-meetings
January 14 2013,2012-11-26,Office of the National Coordinator for Health Information Technol,https://www.federalregister.gov/documents/2012/11/26/2012-28584/office-of-the-national-coordinator-for-health-information-technology-health-information-technology
,2013-04-26,Health Information Technology Policy Committee Appointment,https://www.federalregister.gov/documents/2013/04/26/2013-09743/health-information-technology-policy-committee-appointment
,2013-07-18,Health Information Technology Policy Committee Vacancy,https://www.federalregister.gov/documents/2013/07/18/2013-17114/health-information-technology-policy-committee-vacancy
,2013-12-18,Health IT Policy Committee Advisory Meeting; Notice of Meeting,https://www.federalregister.gov/documents/2013/12/18/2013-30104/health-it-policy-committee-advisory-meeting-notice-of-meeting
,2014-01-10,Health Information Technology Policy Committee Openings,https://www.federalregister.gov/documents/2014/01/10/2013-31482/health-information-technology-policy-committee-openings
,2014-11-03,Health Information Technology Policy Committee Advisory Meeting; ,https://www.federalregister.gov/documents/2014/11/03/2014-26058/health-information-technology-policy-committee-advisory-meeting-notice-of-meeting
,2015-05-20,Appointments to the Health Information Technology (HIT) Policy Co,https://www.federalregister.gov/documents/2015/05/20/2015-11957/appointments-to-the-health-information-technology-hit-policy-committee
